date,failed_remote_logins,new_external_ips,suspicious_dns_queries,critical_vulnerabilities,mean_patch_age_days,high_severity_edr_alerts,ot_scan_attempts,high_relevance_threat_reports,vendor_access_sessions,after_hours_admin_actions
2026-09-22,6,0,3,4,49.6,1,0,2,4,2
2026-09-23,5,0,2,9,53.4,1,0,1,6,2
2026-09-24,3,1,2,8,63.5,0,0,1,4,0
2026-09-25,6,3,3,9,58.0,0,0,0,0,1
2026-09-26,8,4,0,10,57.0,0,0,1,7,1
2026-09-27,4,0,2,4,52.2,0,0,2,3,2
2026-09-28,4,2,6,5,67.4,1,0,1,3,1
2026-09-29,3,3,3,8,50.4,1,0,0,2,0
2026-09-30,1,0,1,7,77.3,1,0,0,4,1
2026-10-01,4,0,0,8,61.4,2,0,0,4,2
2026-10-02,6,0,4,8,43.7,0,0,1,3,0
2026-10-03,5,1,3,7,58.5,1,0,0,4,3
2026-10-04,5,1,1,8,54.4,0,0,1,1,0
2026-10-05,2,1,2,6,53.1,3,0,1,4,2
2026-10-06,8,2,4,6,52.6,0,0,0,3,1
2026-10-07,4,0,2,8,56.7,1,1,0,3,0
2026-10-08,7,3,1,5,64.5,2,1,2,1,2
2026-10-09,9,2,6,8,66.6,1,1,2,0,2
2026-10-10,16,6,11,7,72.0,5,0,3,3,2
2026-10-11,15,2,18,9,72.4,8,4,5,7,4
2026-10-12,22,4,13,10,74.2,5,1,0,5,7
2026-10-13,24,4,17,8,61.6,7,1,3,7,4
2026-10-14,35,6,21,10,75.7,8,10,5,6,8
2026-10-15,39,8,35,8,61.8,5,11,6,8,7
2026-10-16,55,14,38,9,84.5,11,13,12,13,6
2026-10-17,71,15,50,9,74.2,13,23,13,2,7
2026-10-18,42,10,25,10,97.1,4,4,12,12,6
2026-10-19,38,12,28,13,91.7,12,9,8,8,8
