date,failed_remote_logins,new_external_ips,suspicious_dns_queries,critical_vulnerabilities,mean_patch_age_days,high_severity_edr_alerts,ot_scan_attempts,high_relevance_threat_reports,vendor_access_sessions,after_hours_admin_actions,incident_within_7d
2025-01-01,15,3,4,5,38.3,4,1,1,6,1,1
2025-01-02,9,0,1,5,42.0,3,1,1,6,1,0
2025-01-03,9,1,6,4,58.6,1,1,2,3,4,0
2025-01-04,8,2,0,6,60.6,4,4,1,6,1,0
2025-01-05,15,3,6,5,51.1,2,3,0,6,5,1
2025-01-06,6,5,6,6,71.7,3,2,0,3,4,0
2025-01-07,13,3,10,9,25.5,4,1,4,7,2,0
2025-01-08,10,3,12,6,65.8,3,4,1,3,3,1
2025-01-09,5,1,8,6,63.7,2,2,3,3,3,0
2025-01-10,8,1,5,7,58.1,1,2,0,1,2,0
2025-01-11,8,0,5,4,47.8,2,3,0,4,1,0
2025-01-12,8,3,7,6,59.5,6,1,0,1,0,0
2025-01-13,10,0,5,6,49.7,1,5,2,4,4,1
2025-01-14,8,3,4,4,33.1,7,1,2,2,4,0
2025-01-15,4,2,2,9,41.4,1,1,2,4,2,0
2025-01-16,6,1,10,10,82.9,2,2,2,3,4,0
2025-01-17,5,2,2,4,46.9,0,0,0,4,1,0
2025-01-18,4,0,4,8,20.6,2,1,1,0,1,0
2025-01-19,7,2,2,3,25.4,3,0,1,5,3,0
2025-01-20,11,3,5,6,49.7,3,2,3,6,2,0
2025-01-21,8,4,14,5,65.7,1,5,2,5,4,1
2025-01-22,11,1,9,9,47.4,3,2,4,11,4,1
2025-01-23,15,4,6,7,56.3,4,2,2,5,3,1
2025-01-24,6,2,3,3,66.1,2,2,3,2,1,0
2025-01-25,5,2,7,7,60.3,0,2,1,3,4,0
2025-01-26,9,3,6,2,33.8,3,0,0,5,0,0
2025-01-27,11,5,10,15,59.0,6,7,2,3,6,1
2025-01-28,9,1,5,4,40.0,2,0,1,6,3,0
2025-01-29,6,2,5,9,46.0,2,1,3,1,2,0
2025-01-30,24,2,20,8,49.5,4,5,3,5,2,1
2025-01-31,6,0,1,4,28.4,1,0,1,4,3,0
2025-02-01,11,5,9,4,49.2,2,1,2,6,3,0
2025-02-02,19,1,8,9,74.6,8,9,6,6,2,1
2025-02-03,10,2,4,6,44.5,3,2,1,2,1,0
2025-02-04,19,3,15,4,63.2,4,2,0,3,2,0
2025-02-05,13,2,12,8,52.4,3,4,4,4,5,0
2025-02-06,14,0,6,7,59.0,2,2,2,2,1,0
2025-02-07,19,3,11,7,87.8,7,2,6,4,3,1
2025-02-08,21,2,16,6,42.3,9,5,3,5,1,1
2025-02-09,5,2,3,6,76.9,2,0,1,3,1,0
2025-02-10,12,3,8,8,56.6,2,3,0,5,1,0
2025-02-11,12,3,6,6,58.7,4,3,3,2,1,1
2025-02-12,9,6,3,6,48.2,2,2,1,1,4,0
2025-02-13,6,1,1,3,46.3,1,1,1,4,3,0
2025-02-14,6,0,1,5,52.4,3,1,2,3,1,0
2025-02-15,11,3,5,5,46.1,6,2,3,1,4,1
2025-02-16,4,9,6,3,44.6,13,3,4,3,5,1
2025-02-17,8,3,3,8,49.7,2,1,2,6,3,0
2025-02-18,13,1,2,8,70.8,4,5,4,5,1,1
2025-02-19,6,0,2,4,36.3,0,1,0,1,0,0
2025-02-20,17,2,6,5,53.9,7,1,1,6,2,0
2025-02-21,7,5,7,5,46.8,0,2,2,4,0,0
2025-02-22,5,1,4,6,48.4,0,4,0,2,0,0
2025-02-23,23,4,12,9,62.6,10,9,3,7,2,1
2025-02-24,10,1,6,6,61.7,5,2,1,7,3,1
2025-02-25,10,1,5,7,36.9,0,0,0,3,1,0
2025-02-26,16,1,14,8,70.2,5,4,2,4,4,0
2025-02-27,11,1,5,9,46.5,5,2,3,5,2,1
2025-02-28,3,0,5,2,51.6,2,0,0,6,0,0
2025-03-01,2,1,5,5,63.3,0,1,0,3,0,0
2025-03-02,9,1,8,6,45.0,5,2,1,1,4,1
2025-03-03,4,1,1,3,19.0,2,1,2,2,0,0
2025-03-04,12,1,6,9,44.9,5,5,4,5,4,1
2025-03-05,20,3,15,9,75.1,5,3,2,12,3,1
2025-03-06,14,2,1,6,67.6,2,4,4,5,8,1
2025-03-07,6,2,1,3,34.3,0,0,1,2,3,0
2025-03-08,5,1,7,8,57.5,1,1,0,5,3,0
2025-03-09,9,0,3,3,25.2,3,0,1,3,2,0
2025-03-10,6,3,5,8,69.5,2,1,2,10,1,0
2025-03-11,8,3,2,3,31.6,4,2,4,2,1,0
2025-03-12,12,4,10,7,55.1,5,4,1,3,3,1
2025-03-13,21,1,8,6,63.8,0,2,2,1,4,0
2025-03-14,8,2,8,8,39.8,2,2,3,5,2,0
2025-03-15,14,2,13,3,60.2,5,3,1,6,2,1
2025-03-16,14,2,6,7,52.9,6,4,0,6,5,0
2025-03-17,6,0,4,1,27.4,2,1,0,7,0,0
2025-03-18,12,2,3,1,40.4,2,3,3,4,1,0
2025-03-19,22,4,9,5,70.7,11,5,5,5,6,1
2025-03-20,1,0,2,7,28.1,0,0,0,3,1,0
2025-03-21,6,1,2,7,42.7,1,0,1,3,1,0
2025-03-22,12,3,10,7,52.0,1,4,4,6,2,1
2025-03-23,5,2,7,6,40.2,1,1,1,9,5,0
2025-03-24,12,2,10,4,70.8,8,1,1,3,3,0
2025-03-25,17,3,6,5,52.6,5,4,2,10,4,1
2025-03-26,8,2,5,12,38.4,0,0,0,3,5,0
2025-03-27,5,0,1,5,69.2,2,1,0,3,3,0
2025-03-28,7,3,3,7,78.3,3,0,0,7,2,0
2025-03-29,11,1,8,8,71.2,3,1,0,8,4,0
2025-03-30,8,1,5,8,41.9,3,0,1,6,1,0
2025-03-31,9,1,4,7,59.5,1,1,3,4,0,0
2025-04-01,11,2,6,4,52.2,4,5,4,2,2,1
2025-04-02,9,2,9,7,47.2,3,4,5,3,6,0
2025-04-03,2,1,3,1,46.3,1,2,0,2,2,0
2025-04-04,8,4,9,7,61.7,1,2,1,9,2,1
2025-04-05,5,1,6,6,54.0,1,2,1,5,2,0
2025-04-06,4,1,3,6,83.5,1,1,2,6,3,0
2025-04-07,8,1,5,4,59.2,5,3,0,6,0,0
2025-04-08,6,4,4,6,46.5,0,6,0,3,4,1
2025-04-09,19,3,11,6,40.3,1,1,4,3,5,1
2025-04-10,6,0,8,6,52.8,2,2,3,1,1,0
2025-04-11,15,5,10,5,61.0,2,2,2,5,3,0
2025-04-12,8,4,7,8,36.3,4,4,0,9,6,1
2025-04-13,8,3,12,4,68.0,3,5,0,4,4,1
2025-04-14,14,2,7,9,91.9,6,1,0,5,2,0
2025-04-15,10,1,2,4,42.2,3,2,0,4,2,0
2025-04-16,7,0,4,1,37.0,1,0,0,5,2,0
2025-04-17,7,1,4,6,59.7,3,1,1,3,2,0
2025-04-18,15,1,13,7,73.0,4,5,0,4,3,1
2025-04-19,18,3,10,8,54.1,4,1,1,5,9,1
2025-04-20,12,6,2,7,58.7,0,2,2,4,2,0
2025-04-21,5,0,6,3,31.9,2,0,2,5,0,0
2025-04-22,3,1,2,3,26.5,3,0,1,4,4,0
2025-04-23,6,0,4,4,63.6,3,2,3,2,2,0
2025-04-24,5,1,3,4,48.0,1,0,0,3,3,0
2025-04-25,4,1,1,1,29.0,2,0,1,1,3,0
2025-04-26,3,1,4,5,29.3,0,2,0,1,0,0
2025-04-27,15,2,10,5,42.6,2,1,1,5,1,1
2025-04-28,2,4,7,6,30.7,2,1,3,1,1,0
2025-04-29,10,7,6,5,57.6,4,0,2,3,1,1
2025-04-30,12,1,6,4,45.1,1,0,4,4,1,0
2025-05-01,17,4,5,5,42.9,3,6,3,3,2,1
2025-05-02,8,3,4,7,60.3,4,3,0,4,1,1
2025-05-03,12,0,4,3,36.0,1,0,1,1,4,0
2025-05-04,12,4,5,9,73.2,2,2,2,6,2,1
2025-05-05,7,2,4,5,52.5,5,1,1,0,2,0
2025-05-06,5,1,4,6,26.7,4,0,2,3,1,0
2025-05-07,8,1,3,6,40.0,3,1,1,3,1,1
2025-05-08,3,1,6,4,50.7,1,2,0,5,1,0
2025-05-09,5,2,6,6,52.7,6,2,0,5,0,0
2025-05-10,6,2,2,2,59.0,3,1,1,4,1,0
2025-05-11,9,1,4,5,63.6,4,0,0,5,1,0
2025-05-12,7,0,6,4,46.0,2,2,2,0,3,0
2025-05-13,5,3,5,4,51.4,0,2,0,5,2,0
2025-05-14,14,1,8,9,76.4,3,0,1,5,1,0
2025-05-15,6,3,5,8,42.4,1,1,1,3,1,0
2025-05-16,0,3,4,3,31.8,0,1,0,0,0,0
2025-05-17,18,0,7,7,26.9,5,3,2,8,1,0
2025-05-18,12,3,9,6,59.8,1,2,2,9,3,1
2025-05-19,11,2,4,11,41.0,1,1,0,4,1,0
2025-05-20,14,1,15,10,52.4,10,9,2,4,3,1
2025-05-21,3,1,4,4,12.7,4,0,1,2,1,0
2025-05-22,13,1,5,5,46.9,3,1,4,4,1,0
2025-05-23,9,0,4,7,53.0,3,0,1,4,3,0
2025-05-24,6,3,4,4,51.9,0,1,1,2,1,0
2025-05-25,11,3,6,4,70.0,0,1,0,5,4,0
2025-05-26,7,4,9,3,35.3,2,0,3,4,4,0
2025-05-27,8,1,5,4,48.3,1,1,0,4,3,0
2025-05-28,5,1,3,3,34.3,1,0,0,6,0,0
2025-05-29,17,4,8,8,60.8,3,5,0,4,0,0
2025-05-30,13,6,12,6,46.5,2,1,3,6,2,1
2025-05-31,14,3,10,9,77.4,5,3,3,4,4,0
2025-06-01,11,1,5,5,36.7,0,1,2,6,3,0
2025-06-02,14,0,10,9,59.1,6,3,3,4,0,1
2025-06-03,11,1,5,4,45.0,4,4,3,2,3,1
2025-06-04,6,0,2,5,47.3,2,0,0,6,3,0
2025-06-05,14,2,3,5,46.7,5,3,1,4,8,0
2025-06-06,6,2,5,6,49.7,1,0,4,4,1,0
2025-06-07,13,5,11,6,80.0,3,6,2,6,2,1
2025-06-08,21,6,15,11,67.8,5,9,3,3,5,1
2025-06-09,5,1,4,2,40.1,1,0,2,2,0,0
2025-06-10,3,0,0,5,68.6,1,0,2,2,3,0
2025-06-11,9,5,5,5,34.2,1,1,1,3,1,0
2025-06-12,5,5,4,4,67.0,0,1,0,4,1,0
2025-06-13,5,4,1,5,56.5,1,2,1,5,0,0
2025-06-14,4,0,4,6,52.2,2,2,2,1,0,0
2025-06-15,23,3,11,9,71.1,3,4,2,5,0,1
2025-06-16,21,3,11,8,75.0,1,6,1,3,7,1
2025-06-17,12,3,16,7,88.0,7,6,5,5,3,1
2025-06-18,9,1,16,10,81.8,5,5,3,3,1,1
2025-06-19,6,1,4,6,43.8,2,1,1,9,2,0
2025-06-20,9,4,1,5,54.4,1,1,0,5,2,0
2025-06-21,6,1,2,4,38.0,1,2,2,2,1,0
2025-06-22,15,1,13,8,39.9,2,2,1,6,1,0
2025-06-23,6,2,4,5,20.7,1,1,0,3,1,0
2025-06-24,4,1,8,3,46.0,0,2,0,3,2,0
2025-06-25,14,3,5,7,54.3,3,6,4,2,2,0
2025-06-26,11,2,4,6,79.3,2,3,2,1,1,0
2025-06-27,6,0,0,6,54.0,0,1,2,6,1,0
2025-06-28,13,1,9,5,52.5,3,3,5,5,1,0
2025-06-29,7,4,8,7,47.3,2,2,2,2,3,0
2025-06-30,8,6,2,7,52.2,4,1,1,7,5,1
2025-07-01,25,3,13,9,81.4,2,3,5,9,1,1
2025-07-02,9,2,2,7,46.5,1,0,0,1,1,0
2025-07-03,18,6,12,8,70.9,3,5,3,3,1,1
2025-07-04,6,1,3,5,53.6,1,0,1,3,2,0
2025-07-05,10,4,12,7,42.7,3,0,1,3,3,0
2025-07-06,6,4,4,7,24.3,3,2,2,3,3,0
2025-07-07,5,2,6,6,59.5,6,1,1,6,1,0
2025-07-08,5,2,5,3,44.5,2,3,0,4,1,0
2025-07-09,4,3,2,3,65.0,2,1,1,2,0,0
2025-07-10,5,2,4,9,47.0,4,0,2,1,0,0
2025-07-11,12,4,3,6,43.8,3,1,2,2,4,0
2025-07-12,7,3,1,5,44.5,2,0,2,3,2,0
2025-07-13,15,1,10,7,59.8,2,1,3,3,3,0
2025-07-14,10,2,2,7,38.7,2,1,1,5,1,0
2025-07-15,8,1,3,6,63.9,0,1,2,8,2,0
2025-07-16,4,0,2,7,35.3,2,0,0,6,1,0
2025-07-17,3,0,3,6,48.6,1,1,1,2,0,0
2025-07-18,9,0,9,4,49.7,4,2,3,5,0,0
2025-07-19,12,2,2,6,40.8,2,0,1,1,1,0
2025-07-20,21,5,14,7,57.1,1,1,3,2,1,1
2025-07-21,9,2,8,5,51.6,3,1,1,5,1,0
2025-07-22,12,4,12,6,54.8,3,1,3,1,1,0
2025-07-23,5,1,2,2,33.0,2,1,0,1,0,0
2025-07-24,3,2,2,6,49.6,2,0,1,1,1,0
2025-07-25,4,4,8,4,52.7,1,2,1,4,1,0
2025-07-26,6,1,3,5,52.5,2,4,2,2,1,0
2025-07-27,6,1,3,5,46.8,2,0,1,3,0,0
2025-07-28,8,0,4,5,45.0,2,1,0,5,1,0
2025-07-29,6,2,7,11,59.9,3,3,2,3,1,0
2025-07-30,22,3,8,7,25.0,2,2,5,3,4,1
2025-07-31,12,2,11,7,35.6,3,3,3,7,1,1
2025-08-01,10,1,3,6,41.9,2,1,0,4,2,0
2025-08-02,7,1,1,7,61.1,2,0,0,2,0,0
2025-08-03,5,1,5,5,54.6,2,1,0,2,1,0
2025-08-04,6,0,6,7,54.1,2,1,0,3,1,0
2025-08-05,8,4,4,8,52.3,4,2,3,2,1,1
2025-08-06,15,2,13,7,82.1,5,4,5,6,5,1
2025-08-07,6,2,6,6,43.2,2,2,1,7,3,0
2025-08-08,8,0,5,4,51.9,5,2,0,1,1,0
2025-08-09,19,2,16,9,61.9,7,4,3,3,2,1
2025-08-10,9,2,6,9,30.6,4,0,3,5,2,0
2025-08-11,8,2,5,5,45.9,0,5,2,6,4,0
2025-08-12,15,3,15,6,72.1,3,2,2,4,1,1
2025-08-13,9,2,10,6,67.0,3,1,1,6,1,0
2025-08-14,13,1,6,5,61.2,1,0,1,3,3,0
2025-08-15,13,2,7,5,46.5,4,0,0,2,0,0
2025-08-16,3,0,1,3,38.5,1,1,3,4,1,0
2025-08-17,17,9,9,9,61.9,7,3,4,8,0,1
2025-08-18,10,3,6,9,50.8,1,3,2,3,1,0
2025-08-19,4,1,4,7,51.4,1,0,1,4,3,0
2025-08-20,7,4,4,7,50.5,2,1,3,4,4,0
2025-08-21,6,1,4,4,45.7,3,1,2,4,1,0
2025-08-22,17,4,10,5,58.4,2,3,1,6,2,1
2025-08-23,7,1,3,8,48.8,0,1,0,2,0,0
2025-08-24,6,4,5,9,63.6,4,1,1,3,3,0
2025-08-25,7,1,4,5,34.1,2,0,2,1,3,0
2025-08-26,9,3,5,7,52.8,1,2,2,5,2,1
2025-08-27,10,5,6,7,56.1,4,6,0,6,6,1
2025-08-28,13,4,9,5,36.6,5,2,3,2,4,0
2025-08-29,13,3,7,5,71.1,7,2,3,2,3,1
2025-08-30,10,0,4,4,44.4,1,0,1,5,0,0
2025-08-31,16,3,13,10,53.0,3,8,1,9,3,1
2025-09-01,16,4,11,11,38.2,5,0,1,5,4,0
2025-09-02,6,1,3,2,47.0,4,1,3,6,1,0
2025-09-03,7,0,2,6,43.9,8,2,1,4,2,0
2025-09-04,12,1,5,5,51.1,7,2,2,4,0,0
2025-09-05,5,2,1,7,38.1,5,1,1,3,0,0
2025-09-06,10,0,1,5,35.8,0,2,3,2,1,0
2025-09-07,8,1,5,5,42.1,1,1,0,6,2,0
2025-09-08,5,5,4,11,40.8,6,1,7,7,1,1
2025-09-09,9,3,6,7,64.3,6,3,3,7,3,1
2025-09-10,16,5,9,7,89.3,0,4,4,7,3,1
2025-09-11,12,2,1,5,27.7,7,1,0,4,1,0
2025-09-12,10,0,6,5,59.4,4,3,0,4,1,0
2025-09-13,10,2,5,6,35.8,4,1,0,4,1,0
2025-09-14,6,0,6,5,43.9,7,1,2,2,1,0
2025-09-15,24,3,9,8,63.6,3,2,2,3,2,0
2025-09-16,7,0,12,5,73.2,3,2,2,3,2,1
2025-09-17,15,3,16,10,70.7,1,4,4,7,3,1
2025-09-18,5,1,3,1,39.0,3,0,0,1,1,0
2025-09-19,12,4,11,9,69.2,6,3,4,8,4,1
2025-09-20,11,0,4,3,32.6,0,3,1,5,1,0
2025-09-21,6,1,5,2,30.1,0,1,1,4,3,0
2025-09-22,7,3,3,6,69.2,3,0,0,3,0,0
2025-09-23,6,4,7,7,65.7,1,0,2,3,0,0
2025-09-24,19,4,13,10,57.0,5,3,2,10,4,1
2025-09-25,5,0,2,7,58.1,1,1,3,3,4,0
2025-09-26,18,7,11,11,70.7,6,7,1,6,2,1
2025-09-27,6,0,9,4,63.7,3,3,1,5,1,0
2025-09-28,6,3,3,2,40.2,2,3,0,4,1,0
2025-09-29,9,4,3,6,25.8,1,1,2,1,3,0
2025-09-30,14,1,8,3,43.9,4,3,2,1,4,0
2025-10-01,18,6,10,9,59.9,3,5,7,8,4,1
2025-10-02,6,0,6,3,58.6,1,0,1,3,0,0
2025-10-03,4,0,3,4,47.5,1,1,1,1,4,0
2025-10-04,8,4,7,6,57.4,1,0,0,5,3,0
2025-10-05,18,1,11,7,62.1,2,4,2,3,1,1
2025-10-06,4,0,6,2,38.0,1,2,1,7,2,0
2025-10-07,10,2,4,4,50.5,3,4,1,6,2,1
2025-10-08,5,0,4,2,53.8,3,1,0,4,1,0
2025-10-09,10,3,6,4,49.5,1,0,0,2,1,0
2025-10-10,13,1,4,1,32.2,2,2,1,3,4,0
2025-10-11,9,1,6,8,58.3,5,3,4,2,3,1
2025-10-12,6,2,3,7,39.8,1,0,3,3,1,0
2025-10-13,15,3,5,7,49.5,3,2,2,4,3,1
2025-10-14,6,1,0,5,34.1,0,1,1,2,1,0
2025-10-15,5,2,1,4,52.3,0,0,1,3,2,0
2025-10-16,17,4,4,8,50.7,6,4,2,6,5,1
2025-10-17,10,1,2,7,36.2,6,0,1,4,1,0
2025-10-18,6,0,0,3,42.1,1,1,1,4,1,0
2025-10-19,13,0,17,7,78.7,3,3,1,2,5,1
2025-10-20,9,2,4,10,43.7,2,7,3,3,1,0
2025-10-21,10,0,3,9,53.0,1,1,3,5,3,0
2025-10-22,13,2,9,11,79.7,6,6,2,9,3,1
2025-10-23,10,1,3,9,21.5,2,2,2,8,0,0
2025-10-24,8,4,4,3,40.6,2,1,2,8,4,1
2025-10-25,9,2,3,3,47.5,3,2,1,4,2,0
2025-10-26,5,1,5,7,74.6,4,1,1,7,5,0
2025-10-27,4,0,5,8,51.2,3,3,2,1,1,0
2025-10-28,9,3,4,2,56.7,4,1,2,4,2,0
2025-10-29,19,3,9,8,63.1,3,0,4,5,1,0
2025-10-30,8,3,10,4,55.7,3,1,1,4,1,0
2025-10-31,8,1,2,7,57.3,2,2,2,1,1,0
2025-11-01,17,3,10,6,70.0,7,3,3,2,2,1
2025-11-02,4,2,1,5,42.0,1,0,0,0,0,0
2025-11-03,12,2,2,6,60.8,5,1,4,6,0,0
2025-11-04,2,0,0,7,50.4,2,1,2,6,0,0
2025-11-05,20,4,16,5,80.9,6,7,2,5,3,1
2025-11-06,6,0,3,7,50.4,0,0,0,3,2,0
2025-11-07,11,2,10,8,66.0,2,0,1,6,3,1
2025-11-08,10,4,6,12,47.7,3,5,3,0,2,0
2025-11-09,22,7,10,10,55.3,6,3,2,2,6,1
2025-11-10,4,0,2,6,37.7,1,0,2,1,0,0
2025-11-11,7,1,2,2,65.7,4,2,1,9,2,1
2025-11-12,10,2,6,6,51.4,3,1,1,6,1,0
2025-11-13,10,4,6,5,74.9,5,3,2,3,3,0
2025-11-14,15,2,5,10,41.6,2,4,1,4,0,0
2025-11-15,6,2,5,6,37.3,2,0,1,2,1,0
2025-11-16,10,3,7,2,63.0,3,3,2,8,3,1
2025-11-17,12,2,9,6,76.7,1,1,2,3,7,0
2025-11-18,9,1,6,7,37.1,2,1,3,2,1,0
2025-11-19,15,2,7,11,80.7,9,2,3,8,6,1
2025-11-20,8,2,3,3,48.5,1,1,1,4,1,0
2025-11-21,19,2,5,7,44.2,6,1,2,5,2,0
2025-11-22,10,1,5,10,54.8,1,2,1,3,2,0
2025-11-23,10,4,14,7,75.9,6,4,1,5,6,1
2025-11-24,11,0,5,5,56.0,1,4,0,8,0,0
2025-11-25,13,2,7,5,50.4,0,1,2,7,3,0
2025-11-26,9,2,5,4,37.8,2,2,2,10,3,0
2025-11-27,8,2,2,6,38.2,0,0,0,4,2,0
2025-11-28,9,2,12,5,72.0,3,2,3,3,2,0
2025-11-29,6,0,7,6,32.9,1,2,3,8,3,0
2025-11-30,12,3,3,6,56.1,6,3,1,7,3,0
2025-12-01,8,3,6,6,82.3,4,6,1,3,1,0
2025-12-02,4,0,4,2,55.9,1,0,2,4,3,0
2025-12-03,7,3,8,4,26.1,3,2,0,1,0,0
2025-12-04,10,0,3,4,66.8,2,0,1,3,1,0
2025-12-05,7,1,7,9,47.9,0,3,0,5,3,0
2025-12-06,6,3,5,3,46.5,1,2,0,9,4,0
2025-12-07,6,3,7,8,53.0,5,1,1,3,1,0
2025-12-08,9,3,3,5,70.4,2,1,1,3,1,0
2025-12-09,14,1,7,8,49.1,3,1,3,1,1,0
2025-12-10,6,2,10,7,73.5,4,4,2,3,5,1
2025-12-11,7,1,5,1,47.4,0,0,1,4,0,0
2025-12-12,11,1,3,6,23.4,2,2,2,0,5,0
2025-12-13,8,0,2,5,45.4,0,0,0,1,1,0
2025-12-14,11,6,9,7,76.4,4,3,2,2,0,0
2025-12-15,11,2,6,2,43.6,2,2,2,3,3,0
2025-12-16,5,0,2,3,48.6,3,1,1,6,1,0
2025-12-17,14,5,7,10,55.3,4,0,0,5,3,1
2025-12-18,8,1,2,6,54.3,3,1,3,4,3,1
2025-12-19,14,0,6,6,55.3,4,3,1,0,1,0
2025-12-20,8,2,2,8,61.4,1,1,0,3,2,0
2025-12-21,13,2,5,9,80.8,5,2,5,5,3,1
2025-12-22,12,5,8,8,37.5,2,3,6,2,6,0
2025-12-23,9,2,6,3,66.2,5,3,1,4,2,1
2025-12-24,17,2,16,11,49.3,1,6,2,8,3,1
2025-12-25,3,4,1,4,36.0,1,0,0,1,0,0
2025-12-26,4,2,6,5,72.8,0,1,0,2,1,0
2025-12-27,4,1,1,8,47.5,2,0,0,6,1,0
2025-12-28,3,0,5,8,60.2,2,1,1,1,1,0
2025-12-29,11,0,5,7,38.1,7,2,2,3,0,0
2025-12-30,7,3,7,7,57.5,0,0,0,5,0,0
2025-12-31,3,2,6,5,37.8,3,0,0,2,3,0
2026-01-01,10,1,8,5,56.6,3,1,0,3,4,0
2026-01-02,21,4,8,4,78.1,2,1,3,3,1,0
2026-01-03,14,1,6,8,52.2,2,3,1,2,2,0
2026-01-04,8,0,2,6,44.4,5,3,3,2,0,0
2026-01-05,15,1,3,7,66.4,1,5,3,6,4,1
2026-01-06,11,3,2,4,41.8,3,0,0,3,0,0
2026-01-07,8,3,6,8,32.7,5,0,3,4,1,0
2026-01-08,5,1,8,6,62.2,2,4,2,2,3,0
2026-01-09,6,1,3,6,60.3,3,1,0,2,2,0
2026-01-10,17,5,13,6,81.3,7,3,1,6,5,1
2026-01-11,12,1,4,3,35.0,1,3,1,5,1,0
2026-01-12,10,1,1,9,63.2,2,0,0,7,2,0
2026-01-13,13,4,17,5,69.3,13,3,2,5,1,1
2026-01-14,14,2,4,6,64.5,4,5,4,4,3,0
2026-01-15,4,0,5,3,47.8,4,0,3,2,0,0
2026-01-16,8,4,1,7,35.1,1,2,2,6,3,0
2026-01-17,8,1,0,5,58.2,1,1,1,4,4,0
2026-01-18,3,1,5,7,44.0,2,1,1,4,1,0
2026-01-19,2,1,3,1,35.9,0,2,4,4,0,0
2026-01-20,10,3,6,8,35.1,4,0,1,2,2,0
2026-01-21,3,0,3,6,36.6,0,1,0,3,0,0
2026-01-22,9,2,10,7,69.3,4,1,2,7,2,0
2026-01-23,9,0,1,5,62.8,0,2,2,7,5,0
2026-01-24,14,2,9,7,66.6,3,2,3,6,3,1
2026-01-25,4,4,7,7,51.1,5,1,3,2,4,0
2026-01-26,11,0,4,4,17.6,0,0,3,4,0,0
2026-01-27,11,3,4,5,38.6,0,1,4,3,3,0
2026-01-28,13,2,5,9,50.2,6,2,1,6,3,0
2026-01-29,8,1,2,7,20.2,1,1,0,1,1,0
2026-01-30,8,6,7,3,54.3,4,2,2,7,1,1
2026-01-31,9,2,2,5,42.4,3,1,0,1,3,0
2026-02-01,8,1,7,3,41.7,1,4,1,5,1,0
2026-02-02,8,4,4,4,76.8,0,2,1,3,2,0
2026-02-03,11,4,5,5,33.9,2,1,4,1,1,0
2026-02-04,7,0,3,5,42.6,2,4,1,0,5,0
2026-02-05,4,1,3,5,51.1,2,0,0,3,2,0
2026-02-06,5,0,4,9,71.0,2,1,1,3,0,0
2026-02-07,9,4,9,8,44.1,6,5,6,2,5,1
2026-02-08,9,1,10,7,58.1,3,3,4,2,5,0
2026-02-09,10,3,5,5,65.1,1,0,4,10,1,0
2026-02-10,9,1,8,8,54.2,5,1,5,7,1,0
2026-02-11,13,1,6,2,67.4,4,3,3,2,2,0
2026-02-12,6,0,5,4,55.2,0,1,4,0,0,0
2026-02-13,6,0,4,5,53.7,1,1,1,4,2,0
2026-02-14,8,1,6,6,21.2,3,0,1,8,4,1
2026-02-15,5,2,1,7,48.3,2,0,0,2,0,0
2026-02-16,18,2,5,8,17.4,4,2,6,9,2,0
2026-02-17,6,4,4,7,43.5,4,4,1,5,3,1
2026-02-18,11,3,8,5,71.3,4,1,2,3,3,0
2026-02-19,10,0,7,6,54.7,3,3,1,3,0,1
2026-02-20,10,2,6,6,59.2,0,3,0,2,2,0
2026-02-21,14,0,8,4,80.2,1,2,2,2,3,0
2026-02-22,1,2,2,6,29.2,2,1,0,1,1,0
2026-02-23,15,7,7,8,84.4,6,1,5,3,2,1
2026-02-24,6,3,7,1,35.1,2,4,1,3,2,0
2026-02-25,10,3,9,3,45.2,1,3,0,3,0,0
2026-02-26,9,3,3,5,47.0,2,1,3,7,3,1
2026-02-27,8,1,0,4,51.7,0,1,2,4,2,0
2026-02-28,8,3,7,6,54.9,2,5,3,7,3,0
2026-03-01,4,1,9,12,34.8,4,2,3,6,3,1
2026-03-02,8,3,5,8,39.4,3,1,2,6,2,0
2026-03-03,10,4,6,3,46.5,3,1,0,6,0,0
2026-03-04,15,1,5,6,54.4,2,2,0,5,3,0
2026-03-05,14,3,8,6,69.9,6,5,2,8,3,1
2026-03-06,4,2,2,7,41.1,3,3,0,7,0,0
2026-03-07,7,2,5,4,47.2,1,0,1,3,1,0
2026-03-08,6,2,3,4,35.1,3,3,4,1,0,0
2026-03-09,6,1,7,4,79.8,3,0,2,4,5,0
2026-03-10,11,0,1,4,31.6,1,0,0,3,2,0
2026-03-11,8,2,7,2,59.6,0,1,1,1,2,0
2026-03-12,11,3,6,7,42.3,4,3,0,3,3,0
2026-03-13,7,1,7,5,55.7,2,1,0,5,2,0
2026-03-14,13,1,9,6,62.3,4,0,4,4,3,0
2026-03-15,7,1,5,7,34.4,2,1,2,3,1,0
2026-03-16,14,0,7,11,65.4,7,2,4,6,2,1
2026-03-17,6,1,4,7,68.0,2,0,3,1,4,1
2026-03-18,7,1,5,0,51.9,1,0,1,2,1,0
2026-03-19,6,2,3,6,49.2,3,1,2,7,2,0
2026-03-20,3,1,5,5,56.1,0,1,4,3,1,0
2026-03-21,5,3,6,5,57.0,0,2,1,1,1,0
2026-03-22,8,0,7,4,78.0,4,1,1,11,2,0
2026-03-23,5,1,10,3,65.3,1,2,3,4,2,1
2026-03-24,16,2,11,2,56.4,5,5,1,3,0,0
2026-03-25,14,5,11,4,65.1,2,5,8,5,3,1
2026-03-26,5,2,4,3,42.6,2,1,0,4,2,0
2026-03-27,17,4,5,6,57.8,9,3,2,8,3,1
2026-03-28,17,5,8,8,50.1,6,2,2,6,3,1
2026-03-29,16,6,8,9,49.2,3,2,0,2,6,0
2026-03-30,14,2,10,6,41.3,3,3,5,6,2,0
2026-03-31,5,0,2,5,53.7,0,1,2,7,7,0
2026-04-01,10,2,4,4,53.2,1,0,2,1,3,0
2026-04-02,17,3,9,5,64.6,1,1,2,0,0,0
2026-04-03,19,0,7,5,68.1,3,2,1,8,2,0
2026-04-04,6,3,4,6,59.8,2,2,0,4,2,0
2026-04-05,12,6,1,7,45.4,0,1,2,5,1,0
2026-04-06,11,5,3,5,11.5,5,2,0,2,0,0
2026-04-07,3,3,3,2,53.3,2,3,1,4,2,0
2026-04-08,15,5,12,8,60.8,2,3,5,6,4,1
2026-04-09,7,1,6,3,70.7,3,4,3,3,3,0
2026-04-10,3,1,4,6,33.2,0,1,2,3,1,0
2026-04-11,11,2,9,5,85.0,7,3,4,5,4,1
2026-04-12,8,0,2,3,52.9,1,0,0,5,1,0
2026-04-13,11,1,0,5,27.6,0,0,1,2,2,0
2026-04-14,10,0,2,9,52.5,4,2,1,6,3,0
2026-04-15,7,0,4,6,51.1,1,0,1,4,2,0
2026-04-16,2,0,5,3,66.4,2,0,1,5,3,0
2026-04-17,8,4,1,7,46.8,1,2,1,5,1,0
2026-04-18,6,1,3,6,31.5,3,0,1,1,0,0
2026-04-19,12,4,4,7,50.8,4,1,2,5,4,0
2026-04-20,13,3,15,12,74.0,6,2,10,5,6,1
2026-04-21,7,3,6,6,59.6,4,2,2,3,5,0
2026-04-22,9,4,4,7,28.4,2,1,1,3,1,0
2026-04-23,4,0,5,7,31.5,1,1,1,4,0,0
2026-04-24,12,2,4,5,47.2,1,2,3,4,1,0
2026-04-25,9,1,6,8,41.0,1,2,3,4,1,0
2026-04-26,4,0,3,6,56.7,4,2,1,1,1,1
2026-04-27,8,3,7,7,31.0,2,2,1,3,0,0
2026-04-28,6,0,8,3,66.0,1,3,4,2,6,0
2026-04-29,6,4,4,4,58.9,2,1,0,2,2,0
2026-04-30,4,2,4,3,12.0,1,2,0,1,1,0
2026-05-01,8,1,1,0,61.8,4,1,1,1,0,0
2026-05-02,5,1,1,4,49.1,1,2,0,3,0,0
2026-05-03,9,1,4,5,64.9,4,0,0,3,6,0
2026-05-04,14,4,5,6,68.7,1,2,3,4,5,1
2026-05-05,4,3,3,3,43.9,2,3,1,3,1,0
2026-05-06,11,2,9,6,43.1,3,0,2,3,1,0
2026-05-07,2,1,3,7,53.9,2,0,0,4,1,0
2026-05-08,11,3,9,6,64.0,4,2,2,6,0,0
2026-05-09,6,2,3,3,47.9,0,2,0,4,1,0
2026-05-10,10,3,8,4,54.0,3,1,0,4,0,0
2026-05-11,9,6,10,6,47.8,7,5,2,2,4,1
2026-05-12,8,0,5,6,56.9,2,0,3,5,2,0
2026-05-13,8,1,3,3,45.0,1,2,1,4,4,0
2026-05-14,7,0,9,5,44.4,2,0,1,4,4,0
2026-05-15,7,4,1,6,43.7,1,2,1,3,1,0
2026-05-16,16,4,13,6,38.5,7,4,6,2,1,1
2026-05-17,9,1,3,3,42.6,2,2,2,2,4,0
2026-05-18,18,3,12,8,58.2,4,3,3,9,1,1
2026-05-19,10,4,5,10,65.2,1,2,1,5,1,0
2026-05-20,6,2,7,7,46.6,2,2,2,3,0,0
2026-05-21,13,3,14,8,63.6,6,0,4,6,5,1
2026-05-22,2,2,1,8,43.5,4,1,1,1,2,0
2026-05-23,5,5,2,4,60.4,3,7,0,5,1,1
2026-05-24,6,1,3,3,43.2,4,1,2,5,0,0
2026-05-25,9,3,10,6,51.8,1,1,1,6,1,0
2026-05-26,15,2,10,4,83.3,7,1,5,3,5,0
2026-05-27,11,8,20,8,99.3,6,6,6,9,5,1
2026-05-28,18,2,11,10,51.4,4,6,6,7,5,1
2026-05-29,6,0,5,4,25.8,7,0,3,7,3,0
2026-05-30,18,2,3,8,41.1,3,4,4,1,4,0
2026-05-31,13,3,9,7,49.0,3,3,3,4,3,0
2026-06-01,9,2,5,6,59.8,2,0,1,3,3,0
2026-06-02,6,3,3,4,60.8,6,1,0,6,2,1
2026-06-03,11,1,9,7,35.4,1,2,0,1,6,0
2026-06-04,6,1,2,5,46.1,2,1,3,1,2,0
2026-06-05,11,1,9,5,60.0,2,4,0,2,1,0
2026-06-06,12,1,12,7,81.3,7,2,2,5,2,1
2026-06-07,8,1,2,3,33.3,3,0,0,1,1,0
2026-06-08,9,3,4,4,38.7,0,1,2,2,1,0
2026-06-09,14,3,10,6,51.8,3,6,0,3,4,1
2026-06-10,12,2,9,3,45.7,2,3,1,5,2,0
2026-06-11,7,3,3,4,28.7,4,2,1,6,2,0
2026-06-12,10,3,13,11,48.7,6,3,2,5,6,1
2026-06-13,6,5,6,8,55.9,4,2,4,6,6,0
2026-06-14,4,1,1,3,82.4,2,1,2,2,1,0
2026-06-15,8,1,5,3,47.6,2,0,1,2,1,0
2026-06-16,10,2,4,1,31.1,3,3,1,4,3,0
2026-06-17,9,1,3,6,40.4,1,3,4,4,3,1
2026-06-18,7,3,7,6,71.2,4,2,4,1,7,0
2026-06-19,10,1,3,7,80.7,1,2,1,0,0,0
2026-06-20,11,1,3,3,26.6,0,1,3,6,3,0
2026-06-21,13,3,4,3,56.5,3,1,2,6,9,1
2026-06-22,21,3,9,8,65.6,7,3,3,3,10,1
2026-06-23,3,0,2,7,35.5,1,0,1,1,2,0
2026-06-24,12,0,4,3,56.3,2,1,1,6,0,0
