report_id,published_at,source,title,report_text
TRN03001,2026-03-01,Vendor Advisory,General technology bulletin,"The Cloud Services conference will discuss digital transformation, resilience and operational excellence. Registration closes next month."
TRN03002,2025-11-20,Commercial Intelligence,Industrial protocol reconnaissance observed,"Incident responders identified remote service abuse against an electricity operator. The actor Kalahari Jackal moved from a vendor workstation to an OT jump server and queried PLC services. Monitor node-3002-sync.example, 198.51.100.143 and hash 048f1289eed704238635."
TRN03003,2026-05-20,Commercial Intelligence,Energy-sector malware activity,"Kalahari Jackal is targeting critical infrastructure operators in East Africa using DustRAT. Analysts observed ransomware deployment, unusual vendor access and attempts to reach operational technology networks. Indicators include node-3003-sync.example and 198.51.100.144."
TRN03004,2025-06-20,Regional ISAC,Industrial protocol reconnaissance observed,"A campaign affecting critical infrastructure operators uses compromised maintenance accounts, PowerShell and BreakerFox. Activity includes remote service abuse, historian discovery and scanning of industrial protocols. The infrastructure node-3004-sync.example resolves to 198.51.100.145."
TRN03005,2025-05-17,Open-source Research,Industrial protocol reconnaissance observed,"A campaign affecting critical infrastructure operators uses compromised maintenance accounts, PowerShell and GridLock. Activity includes Modbus scanning, historian discovery and scanning of industrial protocols. The infrastructure node-3005-sync.example resolves to 198.51.100.146."
TRN03006,2025-01-13,Vendor Advisory,Routine maintenance advisory,Researchers published a general vulnerability affecting financial institutions. The advisory applies to versions not deployed by the organisation and contains no evidence of active exploitation in North America.
TRN03007,2025-07-22,Commercial Intelligence,Energy-sector malware activity,"Kalahari Jackal is targeting critical infrastructure operators in Europe using BreakerFox. Analysts observed Modbus scanning, unusual vendor access and attempts to reach operational technology networks. Indicators include node-3007-sync.example and 198.51.100.148. The bulletin references security monitoring, risk assessment and operational resilience."
TRN03008,2026-01-04,Open-source Research,Vendor access abused in OT intrusion,"Copper Dune is targeting critical infrastructure operators in Southern Africa using GridLock. Analysts observed DNS tunnelling, unusual vendor access and attempts to reach operational technology networks. Indicators include node-3008-sync.example and 198.51.100.149."
TRN03009,2025-03-06,Open-source Research,Patch availability update,"Researchers published a general vulnerability affecting retail organisations. The advisory applies to versions not deployed by the organisation and contains no evidence of active exploitation in North America. The bulletin references security monitoring, risk assessment and operational resilience."
TRN03010,2025-04-18,CERT-NA,Campaign targets industrial operators,"Incident responders identified DNS tunnelling against an electricity operator. The actor Red Kudu moved from a vendor workstation to an OT jump server and queried PLC services. Monitor node-3010-sync.example, 198.51.100.151 and hash ac19d28a5c8f0bc1d3db. The bulletin references security monitoring, risk assessment and operational resilience."
TRN03011,2026-08-30,Commercial Intelligence,Patch availability update,"The Compliance conference will discuss digital transformation, resilience and operational excellence. Registration closes next month."
TRN03012,2025-12-28,Commercial Intelligence,Conference notice,A service notice confirms routine maintenance for router firmware. Temporary latency may occur during the approved maintenance window.
TRN03013,2025-04-19,CERT-NA,Industrial protocol reconnaissance observed,"Red Kudu is targeting power distributors in Asia-Pacific using BreakerFox. Analysts observed credential phishing, unusual vendor access and attempts to reach operational technology networks. Indicators include node-3013-sync.example and 198.51.100.154."
TRN03014,2026-05-16,Commercial Intelligence,General technology bulletin,Researchers published a general vulnerability affecting universities. The advisory applies to versions not deployed by the organisation and contains no evidence of active exploitation in Asia-Pacific.
TRN03015,2025-11-24,Regional ISAC,Routine maintenance advisory,"The Compliance conference will discuss digital transformation, resilience and operational excellence. Registration closes next month. The bulletin references security monitoring, risk assessment and operational resilience."
TRN03016,2025-02-23,Open-source Research,General technology bulletin,A scheduled backup agent update improves performance and resolves minor compatibility issues. No exploitation has been observed and no action is required beyond normal change management.
TRN03017,2025-05-06,Commercial Intelligence,Energy-sector malware activity,"Incident responders identified DNS tunnelling against an electricity operator. The actor Kalahari Jackal moved from a vendor workstation to an OT jump server and queried PLC services. Monitor node-3017-sync.example, 198.51.100.158 and hash 126db49483367c124fa8."
TRN03018,2026-02-18,Regional ISAC,Patch availability update,Researchers published a general vulnerability affecting universities. The advisory applies to versions not deployed by the organisation and contains no evidence of active exploitation in Southern Africa.
TRN03019,2025-04-15,Open-source Research,Patch availability update,"The Technology conference will discuss digital transformation, resilience and operational excellence. Registration closes next month."
TRN03020,2026-04-12,Vendor Advisory,General technology bulletin,"The Cloud Services conference will discuss digital transformation, resilience and operational excellence. Registration closes next month."
TRN03021,2025-04-20,Commercial Intelligence,Patch availability update,"Researchers published a general vulnerability affecting retail organisations. The advisory applies to versions not deployed by the organisation and contains no evidence of active exploitation in Asia-Pacific. The bulletin references security monitoring, risk assessment and operational resilience."
TRN03022,2026-04-08,Commercial Intelligence,Conference notice,"The Cloud Services conference will discuss digital transformation, resilience and operational excellence. Registration closes next month."
TRN03023,2025-05-08,Regional ISAC,Routine maintenance advisory,Researchers published a general vulnerability affecting retail organisations. The advisory applies to versions not deployed by the organisation and contains no evidence of active exploitation in Europe.
TRN03024,2026-03-30,Commercial Intelligence,Conference notice,A service notice confirms routine maintenance for office suite. Temporary latency may occur during the approved maintenance window.
TRN03025,2026-07-08,Regional ISAC,Conference notice,Researchers published a general vulnerability affecting universities. The advisory applies to versions not deployed by the organisation and contains no evidence of active exploitation in East Africa.
TRN03026,2025-01-26,CERT-NA,Conference notice,A service notice confirms routine maintenance for billing platform. Temporary latency may occur during the approved maintenance window.
TRN03027,2026-01-06,CERT-NA,Patch availability update,A service notice confirms routine maintenance for billing platform. Temporary latency may occur during the approved maintenance window.
TRN03028,2025-09-22,Open-source Research,General technology bulletin,"The Technology conference will discuss digital transformation, resilience and operational excellence. Registration closes next month."
TRN03029,2025-10-07,Regional ISAC,Patch availability update,A scheduled billing platform update improves performance and resolves minor compatibility issues. No exploitation has been observed and no action is required beyond normal change management.
TRN03030,2026-04-17,Open-source Research,Patch availability update,A scheduled backup agent update improves performance and resolves minor compatibility issues. No exploitation has been observed and no action is required beyond normal change management.
TRN03031,2026-04-01,Open-source Research,Routine maintenance advisory,A service notice confirms routine maintenance for router firmware. Temporary latency may occur during the approved maintenance window.
TRN03032,2025-05-18,Vendor Advisory,Conference notice,A scheduled office suite update improves performance and resolves minor compatibility issues. No exploitation has been observed and no action is required beyond normal change management.
TRN03033,2026-09-06,CERT-NA,General technology bulletin,A service notice confirms routine maintenance for office suite. Temporary latency may occur during the approved maintenance window.
TRN03034,2026-01-29,Commercial Intelligence,General technology bulletin,A scheduled backup agent update improves performance and resolves minor compatibility issues. No exploitation has been observed and no action is required beyond normal change management.
TRN03035,2026-04-12,Commercial Intelligence,Patch availability update,Researchers published a general vulnerability affecting retail organisations. The advisory applies to versions not deployed by the organisation and contains no evidence of active exploitation in Asia-Pacific.
TRN03036,2025-07-17,CERT-NA,Vendor access abused in OT intrusion,"Incident responders identified credential phishing against an electricity operator. The actor Kalahari Jackal moved from a vendor workstation to an OT jump server and queried PLC services. Monitor node-3036-sync.example, 198.51.100.177 and hash 2d2c15505913467b51c1."
TRN03037,2025-11-27,Commercial Intelligence,Energy-sector malware activity,"Copper Dune is targeting energy utilities in East Africa using DustRAT. Analysts observed vendor compromise, unusual vendor access and attempts to reach operational technology networks. Indicators include node-3037-sync.example and 198.51.100.178."
TRN03038,2026-04-21,Vendor Advisory,Routine maintenance advisory,A service notice confirms routine maintenance for backup agent. Temporary latency may occur during the approved maintenance window.
TRN03039,2026-08-08,Regional ISAC,General technology bulletin,"Researchers published a general vulnerability affecting energy utilities. The advisory applies to versions not deployed by the organisation and contains no evidence of active exploitation in Southern Africa. The bulletin references security monitoring, risk assessment and operational resilience."
TRN03040,2025-12-17,Vendor Advisory,Vendor access abused in OT intrusion,"Unknown actor is targeting energy utilities in North America using unknown PowerShell loader. Analysts observed Modbus scanning, unusual vendor access and attempts to reach operational technology networks. Indicators include node-3040-sync.example and 198.51.100.181. The bulletin references security monitoring, risk assessment and operational resilience."
TRN03041,2025-12-09,Vendor Advisory,General technology bulletin,"The Compliance conference will discuss digital transformation, resilience and operational excellence. Registration closes next month. The bulletin references security monitoring, risk assessment and operational resilience."
TRN03042,2026-05-16,CERT-NA,Routine maintenance advisory,A service notice confirms routine maintenance for billing platform. Temporary latency may occur during the approved maintenance window.
TRN03043,2026-07-11,Vendor Advisory,Routine maintenance advisory,A scheduled office suite update improves performance and resolves minor compatibility issues. No exploitation has been observed and no action is required beyond normal change management.
TRN03044,2026-06-26,Vendor Advisory,Conference notice,A service notice confirms routine maintenance for office suite. Temporary latency may occur during the approved maintenance window.
TRN03045,2025-12-26,Regional ISAC,Vendor access abused in OT intrusion,"Incident responders identified credential phishing against an electricity operator. The actor Red Kudu moved from a vendor workstation to an OT jump server and queried PLC services. Monitor node-3045-sync.example, 198.51.100.186 and hash 89e48012eff464fa7e09."
TRN03046,2025-05-21,Regional ISAC,Routine maintenance advisory,"A service notice confirms routine maintenance for billing platform. Temporary latency may occur during the approved maintenance window. The bulletin references security monitoring, risk assessment and operational resilience."
TRN03047,2025-09-07,Vendor Advisory,Conference notice,Researchers published a general vulnerability affecting energy utilities. The advisory applies to versions not deployed by the organisation and contains no evidence of active exploitation in Southern Africa.
TRN03048,2026-04-22,Regional ISAC,Routine maintenance advisory,Researchers published a general vulnerability affecting telecommunications providers. The advisory applies to versions not deployed by the organisation and contains no evidence of active exploitation in Asia-Pacific.
TRN03049,2026-02-05,CERT-NA,Campaign targets industrial operators,"Red Kudu is targeting critical infrastructure operators in Asia-Pacific using GridLock. Analysts observed ransomware deployment, unusual vendor access and attempts to reach operational technology networks. Indicators include node-3049-sync.example and 198.51.100.190."
TRN03050,2026-08-05,Regional ISAC,Campaign targets industrial operators,"Red Kudu is targeting energy utilities in Asia-Pacific using unknown PowerShell loader. Analysts observed DNS tunnelling, unusual vendor access and attempts to reach operational technology networks. Indicators include node-3050-sync.example and 198.51.100.191."
TRN03051,2025-08-28,CERT-NA,Routine maintenance advisory,"Researchers published a general vulnerability affecting universities. The advisory applies to versions not deployed by the organisation and contains no evidence of active exploitation in Southern Africa. The bulletin references security monitoring, risk assessment and operational resilience."
TRN03052,2025-10-03,Regional ISAC,Patch availability update,A service notice confirms routine maintenance for office suite. Temporary latency may occur during the approved maintenance window.
TRN03053,2025-09-24,Commercial Intelligence,Campaign targets industrial operators,"Incident responders identified Modbus scanning against an electricity operator. The actor Night Heron moved from a vendor workstation to an OT jump server and queried PLC services. Monitor node-3053-sync.example, 198.51.100.194 and hash 091d56404d08fe60487b. The bulletin references security monitoring, risk assessment and operational resilience."
TRN03054,2025-07-11,Regional ISAC,General technology bulletin,A scheduled router firmware update improves performance and resolves minor compatibility issues. No exploitation has been observed and no action is required beyond normal change management.
TRN03055,2025-09-11,Commercial Intelligence,Conference notice,A service notice confirms routine maintenance for backup agent. Temporary latency may occur during the approved maintenance window.
TRN03056,2025-11-28,Open-source Research,Industrial protocol reconnaissance observed,"Copper Dune is targeting power distributors in Southern Africa using unknown PowerShell loader. Analysts observed ransomware deployment, unusual vendor access and attempts to reach operational technology networks. Indicators include node-3056-sync.example and 198.51.100.197. The bulletin references security monitoring, risk assessment and operational resilience."
TRN03057,2026-03-13,Open-source Research,Routine maintenance advisory,Researchers published a general vulnerability affecting energy utilities. The advisory applies to versions not deployed by the organisation and contains no evidence of active exploitation in North America.
TRN03058,2026-07-19,CERT-NA,Patch availability update,"The Cloud Services conference will discuss digital transformation, resilience and operational excellence. Registration closes next month."
TRN03059,2026-01-08,Vendor Advisory,Campaign targets industrial operators,"Incident responders identified ransomware deployment against an electricity operator. The actor Kalahari Jackal moved from a vendor workstation to an OT jump server and queried PLC services. Monitor node-3059-sync.example, 198.51.100.200 and hash 3e661e0ab1a17ff0de62."
TRN03060,2025-03-07,Vendor Advisory,Patch availability update,"The Technology conference will discuss digital transformation, resilience and operational excellence. Registration closes next month. The bulletin references security monitoring, risk assessment and operational resilience."
TRN03061,2025-10-17,Vendor Advisory,Vendor access abused in OT intrusion,"Red Kudu is targeting critical infrastructure operators in Southern Africa using Sandstorm Loader. Analysts observed vendor compromise, unusual vendor access and attempts to reach operational technology networks. Indicators include node-3061-sync.example and 198.51.100.202. The bulletin references security monitoring, risk assessment and operational resilience."
TRN03062,2026-06-27,Open-source Research,Conference notice,A scheduled billing platform update improves performance and resolves minor compatibility issues. No exploitation has been observed and no action is required beyond normal change management.
TRN03063,2025-10-29,Commercial Intelligence,Conference notice,"A service notice confirms routine maintenance for backup agent. Temporary latency may occur during the approved maintenance window. The bulletin references security monitoring, risk assessment and operational resilience."
TRN03064,2025-04-18,Commercial Intelligence,General technology bulletin,Researchers published a general vulnerability affecting energy utilities. The advisory applies to versions not deployed by the organisation and contains no evidence of active exploitation in North America.
TRN03065,2025-07-22,CERT-NA,Conference notice,"A service notice confirms routine maintenance for backup agent. Temporary latency may occur during the approved maintenance window. The bulletin references security monitoring, risk assessment and operational resilience."
TRN03066,2025-08-16,Vendor Advisory,Industrial protocol reconnaissance observed,"Red Kudu is targeting critical infrastructure operators in North America using Sandstorm Loader. Analysts observed credential phishing, unusual vendor access and attempts to reach operational technology networks. Indicators include node-3066-sync.example and 198.51.100.207."
TRN03067,2025-07-18,Regional ISAC,Routine maintenance advisory,Researchers published a general vulnerability affecting financial institutions. The advisory applies to versions not deployed by the organisation and contains no evidence of active exploitation in Asia-Pacific.
TRN03068,2025-03-04,Regional ISAC,Vendor access abused in OT intrusion,"Incident responders identified vendor compromise against an electricity operator. The actor Kalahari Jackal moved from a vendor workstation to an OT jump server and queried PLC services. Monitor node-3068-sync.example, 198.51.100.209 and hash 56906f8a5e4b1938ff9e."
TRN03069,2026-08-15,Open-source Research,Conference notice,Researchers published a general vulnerability affecting retail organisations. The advisory applies to versions not deployed by the organisation and contains no evidence of active exploitation in Southern Africa.
TRN03070,2025-04-20,Open-source Research,Conference notice,"The Technology conference will discuss digital transformation, resilience and operational excellence. Registration closes next month."
TRN03071,2026-03-24,Commercial Intelligence,Conference notice,A service notice confirms routine maintenance for office suite. Temporary latency may occur during the approved maintenance window.
TRN03072,2026-03-05,Open-source Research,General technology bulletin,"The Compliance conference will discuss digital transformation, resilience and operational excellence. Registration closes next month."
TRN03073,2025-05-14,CERT-NA,Routine maintenance advisory,Researchers published a general vulnerability affecting financial institutions. The advisory applies to versions not deployed by the organisation and contains no evidence of active exploitation in East Africa.
TRN03074,2025-10-14,Commercial Intelligence,Patch availability update,"The Cloud Services conference will discuss digital transformation, resilience and operational excellence. Registration closes next month."
TRN03075,2025-10-25,CERT-NA,Patch availability update,"The Cloud Services conference will discuss digital transformation, resilience and operational excellence. Registration closes next month."
TRN03076,2025-01-03,CERT-NA,General technology bulletin,Researchers published a general vulnerability affecting retail organisations. The advisory applies to versions not deployed by the organisation and contains no evidence of active exploitation in East Africa.
TRN03077,2025-01-07,Vendor Advisory,Industrial protocol reconnaissance observed,"A campaign affecting power distributors uses compromised maintenance accounts, PowerShell and Sandstorm Loader. Activity includes Modbus scanning, historian discovery and scanning of industrial protocols. The infrastructure node-3077-sync.example resolves to 198.51.100.218. The bulletin references security monitoring, risk assessment and operational resilience."
TRN03078,2026-07-02,Vendor Advisory,Energy-sector malware activity,"A campaign affecting critical infrastructure operators uses compromised maintenance accounts, PowerShell and BreakerFox. Activity includes Modbus scanning, historian discovery and scanning of industrial protocols. The infrastructure node-3078-sync.example resolves to 198.51.100.219."
TRN03079,2025-03-15,Vendor Advisory,General technology bulletin,"Researchers published a general vulnerability affecting financial institutions. The advisory applies to versions not deployed by the organisation and contains no evidence of active exploitation in Asia-Pacific. The bulletin references security monitoring, risk assessment and operational resilience."
TRN03080,2025-08-08,Regional ISAC,General technology bulletin,Researchers published a general vulnerability affecting retail organisations. The advisory applies to versions not deployed by the organisation and contains no evidence of active exploitation in Southern Africa.
TRN03081,2025-04-19,Regional ISAC,Routine maintenance advisory,"The Compliance conference will discuss digital transformation, resilience and operational excellence. Registration closes next month."
TRN03082,2025-09-17,CERT-NA,Routine maintenance advisory,"Researchers published a general vulnerability affecting universities. The advisory applies to versions not deployed by the organisation and contains no evidence of active exploitation in North America. The bulletin references security monitoring, risk assessment and operational resilience."
TRN03083,2026-05-21,Vendor Advisory,General technology bulletin,"A service notice confirms routine maintenance for office suite. Temporary latency may occur during the approved maintenance window. The bulletin references security monitoring, risk assessment and operational resilience."
TRN03084,2025-06-22,Open-source Research,Campaign targets industrial operators,"Night Heron is targeting energy utilities in East Africa using GridLock. Analysts observed Modbus scanning, unusual vendor access and attempts to reach operational technology networks. Indicators include node-3084-sync.example and 198.51.100.5."
TRN03085,2025-10-02,Open-source Research,Patch availability update,Researchers published a general vulnerability affecting energy utilities. The advisory applies to versions not deployed by the organisation and contains no evidence of active exploitation in North America.
TRN03086,2026-06-20,Regional ISAC,Industrial protocol reconnaissance observed,"A campaign affecting energy utilities uses compromised maintenance accounts, PowerShell and BreakerFox. Activity includes remote service abuse, historian discovery and scanning of industrial protocols. The infrastructure node-3086-sync.example resolves to 198.51.100.7."
TRN03087,2026-04-21,Vendor Advisory,Patch availability update,"The Compliance conference will discuss digital transformation, resilience and operational excellence. Registration closes next month."
TRN03088,2025-10-07,Open-source Research,Routine maintenance advisory,"The Cloud Services conference will discuss digital transformation, resilience and operational excellence. Registration closes next month."
TRN03089,2025-12-15,Regional ISAC,Campaign targets industrial operators,"Unknown actor is targeting energy utilities in East Africa using Sandstorm Loader. Analysts observed ransomware deployment, unusual vendor access and attempts to reach operational technology networks. Indicators include node-3089-sync.example and 198.51.100.10."
TRN03090,2025-10-05,CERT-NA,Routine maintenance advisory,"A service notice confirms routine maintenance for backup agent. Temporary latency may occur during the approved maintenance window. The bulletin references security monitoring, risk assessment and operational resilience."
TRN03091,2025-12-19,Open-source Research,Routine maintenance advisory,"Researchers published a general vulnerability affecting energy utilities. The advisory applies to versions not deployed by the organisation and contains no evidence of active exploitation in North America. The bulletin references security monitoring, risk assessment and operational resilience."
TRN03092,2026-04-25,Vendor Advisory,Campaign targets industrial operators,"A campaign affecting power distributors uses compromised maintenance accounts, PowerShell and unknown PowerShell loader. Activity includes vendor compromise, historian discovery and scanning of industrial protocols. The infrastructure node-3092-sync.example resolves to 198.51.100.13."
TRN03093,2025-02-11,Vendor Advisory,Vendor access abused in OT intrusion,"Red Kudu is targeting critical infrastructure operators in North America using BreakerFox. Analysts observed remote service abuse, unusual vendor access and attempts to reach operational technology networks. Indicators include node-3093-sync.example and 198.51.100.14."
TRN03094,2025-08-10,CERT-NA,Patch availability update,A scheduled billing platform update improves performance and resolves minor compatibility issues. No exploitation has been observed and no action is required beyond normal change management.
TRN03095,2025-04-22,CERT-NA,General technology bulletin,A service notice confirms routine maintenance for router firmware. Temporary latency may occur during the approved maintenance window.
TRN03096,2025-06-30,Open-source Research,Vendor access abused in OT intrusion,"Kalahari Jackal is targeting critical infrastructure operators in Southern Africa using unknown PowerShell loader. Analysts observed vendor compromise, unusual vendor access and attempts to reach operational technology networks. Indicators include node-3096-sync.example and 198.51.100.17."
TRN03097,2025-11-27,CERT-NA,Conference notice,"The Compliance conference will discuss digital transformation, resilience and operational excellence. Registration closes next month."
TRN03098,2025-01-09,Regional ISAC,General technology bulletin,A service notice confirms routine maintenance for router firmware. Temporary latency may occur during the approved maintenance window.
TRN03099,2025-02-14,Regional ISAC,Conference notice,Researchers published a general vulnerability affecting universities. The advisory applies to versions not deployed by the organisation and contains no evidence of active exploitation in Asia-Pacific.
TRN03100,2025-11-09,Vendor Advisory,Routine maintenance advisory,"A scheduled billing platform update improves performance and resolves minor compatibility issues. No exploitation has been observed and no action is required beyond normal change management. The bulletin references security monitoring, risk assessment and operational resilience."
TRN03101,2025-08-09,Open-source Research,Patch availability update,A scheduled office suite update improves performance and resolves minor compatibility issues. No exploitation has been observed and no action is required beyond normal change management.
TRN03102,2026-05-22,CERT-NA,Patch availability update,A scheduled backup agent update improves performance and resolves minor compatibility issues. No exploitation has been observed and no action is required beyond normal change management.
TRN03103,2026-04-05,Regional ISAC,General technology bulletin,A scheduled billing platform update improves performance and resolves minor compatibility issues. No exploitation has been observed and no action is required beyond normal change management.
TRN03104,2026-05-22,Regional ISAC,General technology bulletin,A scheduled office suite update improves performance and resolves minor compatibility issues. No exploitation has been observed and no action is required beyond normal change management.
TRN03105,2026-07-26,Regional ISAC,General technology bulletin,Researchers published a general vulnerability affecting retail organisations. The advisory applies to versions not deployed by the organisation and contains no evidence of active exploitation in Europe.
TRN03106,2025-04-10,Open-source Research,Industrial protocol reconnaissance observed,"Unknown actor is targeting critical infrastructure operators in North America using unknown PowerShell loader. Analysts observed credential phishing, unusual vendor access and attempts to reach operational technology networks. Indicators include node-3106-sync.example and 198.51.100.27."
TRN03107,2025-08-09,Regional ISAC,Energy-sector malware activity,"Kalahari Jackal is targeting critical infrastructure operators in Asia-Pacific using unknown PowerShell loader. Analysts observed DNS tunnelling, unusual vendor access and attempts to reach operational technology networks. Indicators include node-3107-sync.example and 198.51.100.28. The bulletin references security monitoring, risk assessment and operational resilience."
TRN03108,2026-01-22,Regional ISAC,Campaign targets industrial operators,"Incident responders identified DNS tunnelling against an electricity operator. The actor Kalahari Jackal moved from a vendor workstation to an OT jump server and queried PLC services. Monitor node-3108-sync.example, 198.51.100.29 and hash 8f17bdfae161367a38cc."
TRN03109,2026-05-08,Vendor Advisory,Campaign targets industrial operators,"A campaign affecting energy utilities uses compromised maintenance accounts, PowerShell and BreakerFox. Activity includes DNS tunnelling, historian discovery and scanning of industrial protocols. The infrastructure node-3109-sync.example resolves to 198.51.100.30."
TRN03110,2025-07-04,Vendor Advisory,Routine maintenance advisory,A scheduled billing platform update improves performance and resolves minor compatibility issues. No exploitation has been observed and no action is required beyond normal change management.
TRN03111,2026-07-05,Regional ISAC,Routine maintenance advisory,A scheduled billing platform update improves performance and resolves minor compatibility issues. No exploitation has been observed and no action is required beyond normal change management.
TRN03112,2025-11-12,CERT-NA,Conference notice,A service notice confirms routine maintenance for backup agent. Temporary latency may occur during the approved maintenance window.
TRN03113,2026-05-27,CERT-NA,Patch availability update,"A service notice confirms routine maintenance for office suite. Temporary latency may occur during the approved maintenance window. The bulletin references security monitoring, risk assessment and operational resilience."
TRN03114,2026-02-22,Vendor Advisory,Patch availability update,Researchers published a general vulnerability affecting universities. The advisory applies to versions not deployed by the organisation and contains no evidence of active exploitation in North America.
TRN03115,2025-05-27,Commercial Intelligence,Energy-sector malware activity,"Incident responders identified credential phishing against an electricity operator. The actor Red Kudu moved from a vendor workstation to an OT jump server and queried PLC services. Monitor node-3115-sync.example, 198.51.100.36 and hash 61703f58be10d33fade0."
TRN03116,2026-02-22,Open-source Research,Routine maintenance advisory,"The Technology conference will discuss digital transformation, resilience and operational excellence. Registration closes next month."
TRN03117,2026-02-07,Commercial Intelligence,Conference notice,Researchers published a general vulnerability affecting energy utilities. The advisory applies to versions not deployed by the organisation and contains no evidence of active exploitation in Asia-Pacific.
TRN03118,2025-12-04,Open-source Research,General technology bulletin,"A service notice confirms routine maintenance for router firmware. Temporary latency may occur during the approved maintenance window. The bulletin references security monitoring, risk assessment and operational resilience."
TRN03119,2026-02-06,Regional ISAC,General technology bulletin,"A scheduled router firmware update improves performance and resolves minor compatibility issues. No exploitation has been observed and no action is required beyond normal change management. The bulletin references security monitoring, risk assessment and operational resilience."
TRN03120,2025-02-15,Open-source Research,Routine maintenance advisory,Researchers published a general vulnerability affecting energy utilities. The advisory applies to versions not deployed by the organisation and contains no evidence of active exploitation in North America.
TRN03121,2026-03-04,Open-source Research,Patch availability update,"The Compliance conference will discuss digital transformation, resilience and operational excellence. Registration closes next month."
TRN03122,2025-09-15,CERT-NA,Campaign targets industrial operators,"A campaign affecting critical infrastructure operators uses compromised maintenance accounts, PowerShell and unknown PowerShell loader. Activity includes Modbus scanning, historian discovery and scanning of industrial protocols. The infrastructure node-3122-sync.example resolves to 198.51.100.43."
TRN03123,2025-08-12,Commercial Intelligence,Routine maintenance advisory,"A service notice confirms routine maintenance for office suite. Temporary latency may occur during the approved maintenance window. The bulletin references security monitoring, risk assessment and operational resilience."
TRN03124,2026-07-16,Commercial Intelligence,General technology bulletin,A scheduled billing platform update improves performance and resolves minor compatibility issues. No exploitation has been observed and no action is required beyond normal change management.
TRN03125,2026-02-09,Open-source Research,Patch availability update,A service notice confirms routine maintenance for billing platform. Temporary latency may occur during the approved maintenance window.
TRN03126,2026-08-17,Vendor Advisory,Routine maintenance advisory,"The Compliance conference will discuss digital transformation, resilience and operational excellence. Registration closes next month."
TRN03127,2026-03-06,Regional ISAC,Routine maintenance advisory,"A service notice confirms routine maintenance for backup agent. Temporary latency may occur during the approved maintenance window. The bulletin references security monitoring, risk assessment and operational resilience."
TRN03128,2025-06-29,Vendor Advisory,General technology bulletin,"The Cloud Services conference will discuss digital transformation, resilience and operational excellence. Registration closes next month."
TRN03129,2025-12-11,Vendor Advisory,Patch availability update,Researchers published a general vulnerability affecting telecommunications providers. The advisory applies to versions not deployed by the organisation and contains no evidence of active exploitation in Asia-Pacific.
TRN03130,2025-11-12,Vendor Advisory,Routine maintenance advisory,"The Technology conference will discuss digital transformation, resilience and operational excellence. Registration closes next month."
TRN03131,2025-06-04,Open-source Research,Routine maintenance advisory,"The Cloud Services conference will discuss digital transformation, resilience and operational excellence. Registration closes next month."
TRN03132,2025-02-08,Regional ISAC,Conference notice,"The Cloud Services conference will discuss digital transformation, resilience and operational excellence. Registration closes next month."
TRN03133,2026-08-03,Open-source Research,Industrial protocol reconnaissance observed,"Night Heron is targeting critical infrastructure operators in Southern Africa using unknown PowerShell loader. Analysts observed DNS tunnelling, unusual vendor access and attempts to reach operational technology networks. Indicators include node-3133-sync.example and 198.51.100.54."
TRN03134,2026-09-06,Commercial Intelligence,Conference notice,A scheduled billing platform update improves performance and resolves minor compatibility issues. No exploitation has been observed and no action is required beyond normal change management.
TRN03135,2025-08-29,Commercial Intelligence,Patch availability update,"A scheduled office suite update improves performance and resolves minor compatibility issues. No exploitation has been observed and no action is required beyond normal change management. The bulletin references security monitoring, risk assessment and operational resilience."
TRN03136,2026-09-09,Regional ISAC,Patch availability update,"A service notice confirms routine maintenance for billing platform. Temporary latency may occur during the approved maintenance window. The bulletin references security monitoring, risk assessment and operational resilience."
TRN03137,2026-01-04,Regional ISAC,Patch availability update,A scheduled billing platform update improves performance and resolves minor compatibility issues. No exploitation has been observed and no action is required beyond normal change management.
TRN03138,2025-12-15,CERT-NA,Routine maintenance advisory,"A scheduled billing platform update improves performance and resolves minor compatibility issues. No exploitation has been observed and no action is required beyond normal change management. The bulletin references security monitoring, risk assessment and operational resilience."
TRN03139,2026-03-24,Open-source Research,Industrial protocol reconnaissance observed,"Night Heron is targeting critical infrastructure operators in East Africa using DustRAT. Analysts observed Modbus scanning, unusual vendor access and attempts to reach operational technology networks. Indicators include node-3139-sync.example and 198.51.100.60."
TRN03140,2026-06-23,Regional ISAC,Campaign targets industrial operators,"Night Heron is targeting energy utilities in Asia-Pacific using GridLock. Analysts observed Modbus scanning, unusual vendor access and attempts to reach operational technology networks. Indicators include node-3140-sync.example and 198.51.100.61. The bulletin references security monitoring, risk assessment and operational resilience."
TRN03141,2026-05-07,Regional ISAC,Patch availability update,Researchers published a general vulnerability affecting energy utilities. The advisory applies to versions not deployed by the organisation and contains no evidence of active exploitation in North America.
TRN03142,2025-10-05,Regional ISAC,Campaign targets industrial operators,"Incident responders identified remote service abuse against an electricity operator. The actor Night Heron moved from a vendor workstation to an OT jump server and queried PLC services. Monitor node-3142-sync.example, 198.51.100.63 and hash 25b737e81069c7a6abf6."
TRN03143,2025-04-25,CERT-NA,Vendor access abused in OT intrusion,"Red Kudu is targeting energy utilities in North America using DustRAT. Analysts observed remote service abuse, unusual vendor access and attempts to reach operational technology networks. Indicators include node-3143-sync.example and 198.51.100.64."
TRN03144,2025-01-27,Vendor Advisory,Routine maintenance advisory,A service notice confirms routine maintenance for office suite. Temporary latency may occur during the approved maintenance window.
TRN03145,2026-05-16,Commercial Intelligence,General technology bulletin,Researchers published a general vulnerability affecting retail organisations. The advisory applies to versions not deployed by the organisation and contains no evidence of active exploitation in North America.
TRN03146,2025-12-25,CERT-NA,Routine maintenance advisory,"The Cloud Services conference will discuss digital transformation, resilience and operational excellence. Registration closes next month."
TRN03147,2026-02-25,Commercial Intelligence,Routine maintenance advisory,A scheduled backup agent update improves performance and resolves minor compatibility issues. No exploitation has been observed and no action is required beyond normal change management.
TRN03148,2025-04-19,Vendor Advisory,General technology bulletin,Researchers published a general vulnerability affecting universities. The advisory applies to versions not deployed by the organisation and contains no evidence of active exploitation in Southern Africa.
TRN03149,2025-05-14,Vendor Advisory,Patch availability update,Researchers published a general vulnerability affecting universities. The advisory applies to versions not deployed by the organisation and contains no evidence of active exploitation in East Africa.
TRN03150,2025-05-22,Open-source Research,General technology bulletin,A service notice confirms routine maintenance for backup agent. Temporary latency may occur during the approved maintenance window.
TRN03151,2025-12-18,Open-source Research,General technology bulletin,A service notice confirms routine maintenance for office suite. Temporary latency may occur during the approved maintenance window.
TRN03152,2026-04-27,Open-source Research,Conference notice,"The Compliance conference will discuss digital transformation, resilience and operational excellence. Registration closes next month."
TRN03153,2025-03-28,Regional ISAC,Industrial protocol reconnaissance observed,"Unknown actor is targeting power distributors in North America using DustRAT. Analysts observed ransomware deployment, unusual vendor access and attempts to reach operational technology networks. Indicators include node-3153-sync.example and 198.51.100.74. The bulletin references security monitoring, risk assessment and operational resilience."
TRN03154,2026-08-09,Regional ISAC,Vendor access abused in OT intrusion,"Copper Dune is targeting energy utilities in North America using Sandstorm Loader. Analysts observed DNS tunnelling, unusual vendor access and attempts to reach operational technology networks. Indicators include node-3154-sync.example and 198.51.100.75. The bulletin references security monitoring, risk assessment and operational resilience."
TRN03155,2026-05-19,Open-source Research,Patch availability update,"The Compliance conference will discuss digital transformation, resilience and operational excellence. Registration closes next month."
TRN03156,2025-09-18,Regional ISAC,Patch availability update,A service notice confirms routine maintenance for backup agent. Temporary latency may occur during the approved maintenance window.
TRN03157,2025-02-01,CERT-NA,General technology bulletin,"The Cloud Services conference will discuss digital transformation, resilience and operational excellence. Registration closes next month."
TRN03158,2025-08-08,Commercial Intelligence,Campaign targets industrial operators,"Incident responders identified DNS tunnelling against an electricity operator. The actor Night Heron moved from a vendor workstation to an OT jump server and queried PLC services. Monitor node-3158-sync.example, 198.51.100.79 and hash dd9aa8a4df442c5fc515."
TRN03159,2025-11-13,Commercial Intelligence,Industrial protocol reconnaissance observed,"Incident responders identified Modbus scanning against an electricity operator. The actor Night Heron moved from a vendor workstation to an OT jump server and queried PLC services. Monitor node-3159-sync.example, 198.51.100.80 and hash 6ea2fc2819ccf4e67e27."
TRN03160,2026-08-31,Vendor Advisory,Industrial protocol reconnaissance observed,"Incident responders identified vendor compromise against an electricity operator. The actor Red Kudu moved from a vendor workstation to an OT jump server and queried PLC services. Monitor node-3160-sync.example, 198.51.100.81 and hash ac09a5a677e070c712d1."
TRN03161,2025-12-31,CERT-NA,Routine maintenance advisory,A scheduled billing platform update improves performance and resolves minor compatibility issues. No exploitation has been observed and no action is required beyond normal change management.
TRN03162,2025-05-03,Regional ISAC,Patch availability update,A scheduled router firmware update improves performance and resolves minor compatibility issues. No exploitation has been observed and no action is required beyond normal change management.
TRN03163,2026-02-22,Vendor Advisory,Vendor access abused in OT intrusion,"A campaign affecting critical infrastructure operators uses compromised maintenance accounts, PowerShell and Sandstorm Loader. Activity includes vendor compromise, historian discovery and scanning of industrial protocols. The infrastructure node-3163-sync.example resolves to 198.51.100.84."
TRN03164,2026-02-10,Regional ISAC,General technology bulletin,A service notice confirms routine maintenance for router firmware. Temporary latency may occur during the approved maintenance window.
TRN03165,2026-08-25,Vendor Advisory,General technology bulletin,Researchers published a general vulnerability affecting universities. The advisory applies to versions not deployed by the organisation and contains no evidence of active exploitation in Asia-Pacific.
RPT9001,2026-10-14,Regional Energy ISAC,Kalahari Jackal abuses vendor remote access,"Kalahari Jackal is targeting Southern African energy utilities through compromised maintenance vendors. Activity includes password spraying, approved MFA prompts, remote desktop access to OT jump servers and PowerShell execution. Search for 203.0.113.77 and maintenance-check.example."
RPT9002,2026-10-15,CERT-NA,Sandstorm Loader C2 infrastructure,Sandstorm Loader uses periodic DNS queries to desert-sync.example and outbound TLS to 198.51.100.44. The malware has been observed on vendor engineering laptops servicing electricity operators.
RPT9003,2026-10-16,OT Security Vendor,Industrial protocol reconnaissance linked to current campaign,Recent intrusions moved from vendor DMZ systems to engineering workstations before scanning Modbus TCP function 43 and attempting register writes. No destructive effect was confirmed where OT egress filtering and protocol allowlists were active.
RPT9004,2026-10-16,Commercial Intelligence,Sandstorm Loader technical profile,"The Sandstorm Loader executable hash is 8e50b5f71c8efa22abe51646264f41367451d4acc42134c8c2b787c3190bc393. It launches PowerShell, conducts credential access and beacons through DNS. High-confidence activity is associated with Kalahari Jackal."
RPT9005,2026-10-17,Open-source Research,Energy vendor phishing lure observed,A credential-harvesting page at maintenance-check.example imitates engineering support portals. Compromised accounts are used outside maintenance windows and may be followed by RDP into industrial environments.
RPT9006,2026-10-12,Vendor Advisory,Routine historian performance update,A routine historian update improves query performance. The notice contains no indicators of compromise and is unrelated to active exploitation.
